Priority,problem summary,assignment group,current status,title,business impact description,reported by,environment,reported date
High,"Backup did not complete successfully, leaving the system at risk without a recent recovery point.",Development Team,Closed,Unauthorized Access Detected,"The detected unauthorized access attempts may indicate a breach, which could expose sensitive company data and result in severe legal and financial repercussions.",User1,Staging,2024-01-01
Medium,"API responses have slowed down significantly, leading to timeouts and delays in service delivery, which is affecting user experience.",IT Support,In Progress,API Response Delay,"The failed backup process has left the system vulnerable to data loss, especially if a system failure or security incident occurs in the near future.",User2,Staging,2024-01-03
High,"Multiple attempts at unauthorized access detected on our server, raising serious security concerns.",Security Team,Open,Login Service Down,"The increased API response times are causing delays in service delivery, negatively impacting the user experience and possibly leading to contract breaches.",User5,Development,2024-01-05
Low,"The main login service has gone down, preventing all users from accessing their accounts and halting critical business operations.",Development Team,Pending,Backup Process Failed,"High network latency is compromising the efficiency of critical business applications, leading to delays in project deliveries and reduced productivity.",User4,Production,2024-01-07
Critical,A sudden server crash due to hardware failure has taken down all key production systems.,Database Admins,Resolved,Data Corruption Issue,"Blocked feature release due to deployment issues, impacting product delivery schedules and customer expectations.",User1,Production,2024-01-09
High,"Memory usage on the application server is increasing uncontrollably due to a leak, risking a complete system hang.",IT Support,Resolved,Data Corruption Issue,"Network issues are slowing down key applications, which could delay project timelines and reduce output.",User1,Production,2024-01-11
High,"Users are experiencing a significant increase in network latency, particularly during peak business hours, resulting in slow application performance.",Development Team,Pending,Database Connection Failure,"High network latency is compromising the efficiency of critical business applications, leading to delays in project deliveries and reduced productivity.",User4,Development,2024-01-13
High,"Memory usage on the application server is increasing uncontrollably due to a leak, risking a complete system hang.",Security Team,Resolved,Application Deployment Failure,"The server crash has caused a total outage of essential services, impacting thousands of users and leading to significant operational and financial losses.",User4,Development,2024-01-16
High,"Memory usage on the application server is increasing uncontrollably due to a leak, risking a complete system hang.",IT Support,Resolved,Login Service Down,"The detected unauthorized access attempts may indicate a breach, which could expose sensitive company data and result in severe legal and financial repercussions.",User4,Staging,2024-01-18
Low,"During peak usage hours, network latency has spiked, making applications sluggish and unresponsive.",Database Admins,Closed,Server Crash,"The increased API response times are causing delays in service delivery, negatively impacting the user experience and possibly leading to contract breaches.",User3,Staging,2024-01-20
Critical,"Users are unable to log in due to the service being down, halting business-critical activities.",Database Admins,Open,Application Deployment Failure,"The server crash has caused a total outage of essential services, impacting thousands of users and leading to significant operational and financial losses.",User5,Production,2024-01-22
Critical,"Users are unable to log in due to the service being down, halting business-critical activities.",Security Team,Resolved,Application Deployment Failure,"Failed backup has left the system exposed, without a recent recovery point, heightening risk of data loss.",User3,Development,2024-01-24
Medium,"Several unauthorized access attempts have been flagged on the server, indicating a potential security threat that needs immediate investigation.",Network Team,Pending,Unauthorized Access Detected,"The ongoing memory leak is threatening to crash the server, which would cause prolonged downtime and disrupt all services relying on this server.",User2,Staging,2024-01-26
Critical,"Users are experiencing a significant increase in network latency, particularly during peak business hours, resulting in slow application performance.",Network Team,Closed,High Latency in Network,"Slow APIs are causing delays, which could harm service reliability and lead to contractual disputes.",User3,Production,2024-01-28
High,"The production database server is unreachable due to a network timeout issue, causing disruptions in data retrieval for all dependent applications.",Security Team,Pending,High Latency in Network,"The server crash has caused a total outage of essential services, impacting thousands of users and leading to significant operational and financial losses.",User2,Production,2024-01-31
Low,"Production database is showing signs of data corruption, potentially impacting critical business operations.",IT Support,In Progress,Application Deployment Failure,"The login service downtime is preventing customers from accessing their accounts, leading to frustration and potential loss of business.",User2,Staging,2024-02-02
High,"Memory usage on the application server is increasing uncontrollably due to a leak, risking a complete system hang.",Database Admins,Resolved,Server Crash,"Blocked feature release due to deployment issues, impacting product delivery schedules and customer expectations.",User2,Production,2024-02-04
Critical,"The production database server is unreachable due to a network timeout issue, causing disruptions in data retrieval for all dependent applications.",Development Team,Pending,Unauthorized Access Detected,"Failed backup has left the system exposed, without a recent recovery point, heightening risk of data loss.",User4,Staging,2024-02-06
Low,"Failed deployment to production due to script errors, blocking new features from being released.",Database Admins,In Progress,API Response Delay,"The deployment failure is delaying the release of important new features, which could impact customer satisfaction and competitive advantage.",User3,Development,2024-02-08
Medium,"Backup did not complete successfully, leaving the system at risk without a recent recovery point.",Development Team,Closed,Unauthorized Access Detected,"Blocked feature release due to deployment issues, impacting product delivery schedules and customer expectations.",User5,Production,2024-02-10
Medium,"Users are experiencing a significant increase in network latency, particularly during peak business hours, resulting in slow application performance.",IT Support,Open,Memory Leak in Application,"Memory leak may cause server crash, leading to downtime and service interruption.",User2,Production,2024-02-13
Critical,A sudden server crash due to hardware failure has taken down all key production systems.,Database Admins,In Progress,Application Deployment Failure,"Failed backup has left the system exposed, without a recent recovery point, heightening risk of data loss.",User5,Development,2024-02-15
Low,"Due to misconfigurations in the deployment script, the latest release to production has failed, preventing new features from being deployed.",IT Support,Open,Login Service Down,"The deployment failure is delaying the release of important new features, which could impact customer satisfaction and competitive advantage.",User5,Staging,2024-02-17
High,"Failed deployment to production due to script errors, blocking new features from being released.",Database Admins,Open,Database Connection Failure,"The server crash has caused a total outage of essential services, impacting thousands of users and leading to significant operational and financial losses.",User1,Staging,2024-02-19
High,A sudden server crash due to hardware failure has taken down all key production systems.,Security Team,Resolved,API Response Delay,"The failed backup process has left the system vulnerable to data loss, especially if a system failure or security incident occurs in the near future.",User2,Staging,2024-02-21
Critical,"Network issues are causing the production database to be unreachable, disrupting all connected services.",Security Team,Open,Data Corruption Issue,"The failed backup process has left the system vulnerable to data loss, especially if a system failure or security incident occurs in the near future.",User1,Production,2024-02-23
Low,"Slow API response times are leading to timeouts, affecting the performance and reliability of services.",Development Team,Open,High Latency in Network,"The production database server's downtime is severely affecting business operations that depend on timely data access, potentially leading to revenue losses and customer dissatisfaction.",User4,Development,2024-02-25
Low,"The main login service has gone down, preventing all users from accessing their accounts and halting critical business operations.",Security Team,Closed,Backup Process Failed,"The increased API response times are causing delays in service delivery, negatively impacting the user experience and possibly leading to contract breaches.",User5,Development,2024-02-28
Critical,"Failed deployment to production due to script errors, blocking new features from being released.",Development Team,Closed,Unauthorized Access Detected,"Security breach risk due to unauthorized access attempts, could lead to data leaks and financial penalties.",User5,Production,2024-03-01
Critical,"Production database is showing signs of data corruption, potentially impacting critical business operations.",Security Team,Resolved,Login Service Down,"Login issues are preventing users from accessing services, potentially damaging customer trust and leading to lost revenue.",User2,Development,2024-03-03
Low,A sudden server crash due to hardware failure has taken down all key production systems.,Development Team,Closed,Database Connection Failure,"Slow APIs are causing delays, which could harm service reliability and lead to contractual disputes.",User1,Development,2024-03-05
Medium,"The server is encountering a memory leak issue, causing a gradual increase in memory usage and leading to potential system instability.",Development Team,Open,Unauthorized Access Detected,"The failed backup process has left the system vulnerable to data loss, especially if a system failure or security incident occurs in the near future.",User4,Staging,2024-03-07
Medium,"Production database is showing signs of data corruption, potentially impacting critical business operations.",Database Admins,Open,Unauthorized Access Detected,"The server crash has caused a total outage of essential services, impacting thousands of users and leading to significant operational and financial losses.",User1,Production,2024-03-09
High,"The production database server is unreachable due to a network timeout issue, causing disruptions in data retrieval for all dependent applications.",Development Team,In Progress,Backup Process Failed,"Memory leak may cause server crash, leading to downtime and service interruption.",User4,Production,2024-03-12
Critical,"Due to misconfigurations in the deployment script, the latest release to production has failed, preventing new features from being deployed.",Network Team,Open,Data Corruption Issue,"The production database server's downtime is severely affecting business operations that depend on timely data access, potentially leading to revenue losses and customer dissatisfaction.",User3,Development,2024-03-14
Critical,"Failed deployment to production due to script errors, blocking new features from being released.",Development Team,Closed,Backup Process Failed,"The data corruption in the production database is affecting the accuracy of critical business data, which could lead to incorrect business decisions and financial discrepancies.",User5,Production,2024-03-16
High,"The backup process failed to execute properly last night, leaving the system without a reliable recent backup, which is a major risk.",IT Support,Resolved,Application Deployment Failure,"Failed backup has left the system exposed, without a recent recovery point, heightening risk of data loss.",User5,Development,2024-03-18
High,"Users are experiencing a significant increase in network latency, particularly during peak business hours, resulting in slow application performance.",IT Support,Open,Application Deployment Failure,"The ongoing memory leak is threatening to crash the server, which would cause prolonged downtime and disrupt all services relying on this server.",User4,Development,2024-03-20
High,"Several unauthorized access attempts have been flagged on the server, indicating a potential security threat that needs immediate investigation.",Security Team,Open,Data Corruption Issue,"Network issues are slowing down key applications, which could delay project timelines and reduce output.",User4,Production,2024-03-22
Low,"Memory usage on the application server is increasing uncontrollably due to a leak, risking a complete system hang.",Database Admins,In Progress,Backup Process Failed,"Blocked feature release due to deployment issues, impacting product delivery schedules and customer expectations.",User5,Development,2024-03-24
Medium,"Network issues are causing the production database to be unreachable, disrupting all connected services.",Development Team,Pending,Backup Process Failed,"The increased API response times are causing delays in service delivery, negatively impacting the user experience and possibly leading to contract breaches.",User4,Production,2024-03-27
Low,"Due to misconfigurations in the deployment script, the latest release to production has failed, preventing new features from being deployed.",Network Team,Open,Memory Leak in Application,"The increased API response times are causing delays in service delivery, negatively impacting the user experience and possibly leading to contract breaches.",User2,Production,2024-03-29
Medium,"Memory usage on the application server is increasing uncontrollably due to a leak, risking a complete system hang.",IT Support,Resolved,Memory Leak in Application,"The detected unauthorized access attempts may indicate a breach, which could expose sensitive company data and result in severe legal and financial repercussions.",User4,Development,2024-03-31
Medium,"During peak usage hours, network latency has spiked, making applications sluggish and unresponsive.",Development Team,Closed,Login Service Down,Data corruption in the database could compromise the integrity of business decisions and cause financial errors.,User1,Staging,2024-04-02
High,"During peak usage hours, network latency has spiked, making applications sluggish and unresponsive.",Network Team,Closed,Data Corruption Issue,"The increased API response times are causing delays in service delivery, negatively impacting the user experience and possibly leading to contract breaches.",User1,Production,2024-04-04
Critical,"The production database server is unreachable due to a network timeout issue, causing disruptions in data retrieval for all dependent applications.",Network Team,Pending,Server Crash,"Login issues are preventing users from accessing services, potentially damaging customer trust and leading to lost revenue.",User2,Staging,2024-04-06
Critical,"Slow API response times are leading to timeouts, affecting the performance and reliability of services.",Development Team,Resolved,Unauthorized Access Detected,"High network latency is compromising the efficiency of critical business applications, leading to delays in project deliveries and reduced productivity.",User4,Staging,2024-04-08
Medium,"Due to misconfigurations in the deployment script, the latest release to production has failed, preventing new features from being deployed.",Database Admins,Open,Unauthorized Access Detected,"Memory leak may cause server crash, leading to downtime and service interruption.",User4,Production,2024-04-11
High,"Users are unable to log in due to the service being down, halting business-critical activities.",IT Support,Open,High Latency in Network,"The server crash has caused a total outage of essential services, impacting thousands of users and leading to significant operational and financial losses.",User5,Development,2024-04-13
Low,"During peak usage hours, network latency has spiked, making applications sluggish and unresponsive.",Database Admins,In Progress,Unauthorized Access Detected,"The failed backup process has left the system vulnerable to data loss, especially if a system failure or security incident occurs in the near future.",User2,Production,2024-04-15
Medium,A sudden server crash due to hardware failure has taken down all key production systems.,Development Team,Pending,Data Corruption Issue,"High network latency is compromising the efficiency of critical business applications, leading to delays in project deliveries and reduced productivity.",User1,Staging,2024-04-17
Critical,"The backup process failed to execute properly last night, leaving the system without a reliable recent backup, which is a major risk.",Network Team,Closed,Login Service Down,"The deployment failure is delaying the release of important new features, which could impact customer satisfaction and competitive advantage.",User4,Production,2024-04-19
High,"Due to misconfigurations in the deployment script, the latest release to production has failed, preventing new features from being deployed.",Security Team,Pending,Database Connection Failure,"The ongoing memory leak is threatening to crash the server, which would cause prolonged downtime and disrupt all services relying on this server.",User4,Production,2024-04-21
Low,"Due to misconfigurations in the deployment script, the latest release to production has failed, preventing new features from being deployed.",IT Support,Closed,Backup Process Failed,"Blocked feature release due to deployment issues, impacting product delivery schedules and customer expectations.",User2,Development,2024-04-24
High,A sudden server crash due to hardware failure has taken down all key production systems.,Security Team,Closed,Data Corruption Issue,"Downtime of the database server is disrupting critical operations, risking customer satisfaction and revenue.",User3,Staging,2024-04-26
High,"The main login service has gone down, preventing all users from accessing their accounts and halting critical business operations.",Security Team,Pending,Server Crash,"The data corruption in the production database is affecting the accuracy of critical business data, which could lead to incorrect business decisions and financial discrepancies.",User1,Development,2024-04-28
Critical,"Multiple attempts at unauthorized access detected on our server, raising serious security concerns.",IT Support,Open,Memory Leak in Application,"The increased API response times are causing delays in service delivery, negatively impacting the user experience and possibly leading to contract breaches.",User2,Development,2024-04-30
Critical,"There is evidence of data corruption in the production database, which is affecting the accuracy and reliability of critical business data.",Network Team,Pending,Backup Process Failed,"The production database server's downtime is severely affecting business operations that depend on timely data access, potentially leading to revenue losses and customer dissatisfaction.",User1,Development,2024-05-02
Critical,"Memory usage on the application server is increasing uncontrollably due to a leak, risking a complete system hang.",IT Support,Resolved,Data Corruption Issue,"The deployment failure is delaying the release of important new features, which could impact customer satisfaction and competitive advantage.",User3,Development,2024-05-04
High,"Slow API response times are leading to timeouts, affecting the performance and reliability of services.",Development Team,In Progress,Database Connection Failure,"Memory leak may cause server crash, leading to downtime and service interruption.",User1,Production,2024-05-06
High,"The server is encountering a memory leak issue, causing a gradual increase in memory usage and leading to potential system instability.",Network Team,Open,Backup Process Failed,"The ongoing memory leak is threatening to crash the server, which would cause prolonged downtime and disrupt all services relying on this server.",User3,Staging,2024-05-09
High,"Network issues are causing the production database to be unreachable, disrupting all connected services.",Network Team,In Progress,Application Deployment Failure,"High network latency is compromising the efficiency of critical business applications, leading to delays in project deliveries and reduced productivity.",User5,Production,2024-05-11
High,"Several unauthorized access attempts have been flagged on the server, indicating a potential security threat that needs immediate investigation.",Development Team,Resolved,Login Service Down,"The login service downtime is preventing customers from accessing their accounts, leading to frustration and potential loss of business.",User2,Staging,2024-05-13
Critical,"Memory usage on the application server is increasing uncontrollably due to a leak, risking a complete system hang.",Database Admins,Closed,Memory Leak in Application,"The ongoing memory leak is threatening to crash the server, which would cause prolonged downtime and disrupt all services relying on this server.",User3,Staging,2024-05-15
Medium,"Users are unable to log in due to the service being down, halting business-critical activities.",Development Team,Pending,Server Crash,"Failed backup has left the system exposed, without a recent recovery point, heightening risk of data loss.",User5,Production,2024-05-17
High,"Network issues are causing the production database to be unreachable, disrupting all connected services.",Development Team,Resolved,API Response Delay,"The login service downtime is preventing customers from accessing their accounts, leading to frustration and potential loss of business.",User2,Development,2024-05-19
Low,"Multiple attempts at unauthorized access detected on our server, raising serious security concerns.",Development Team,In Progress,Server Crash,"Login issues are preventing users from accessing services, potentially damaging customer trust and leading to lost revenue.",User4,Development,2024-05-22
Medium,"The main login service has gone down, preventing all users from accessing their accounts and halting critical business operations.",Security Team,Pending,Memory Leak in Application,"Blocked feature release due to deployment issues, impacting product delivery schedules and customer expectations.",User2,Development,2024-05-24
Critical,"Unexpected hardware failure has led to a complete crash of the main production server, disrupting all hosted services.",Network Team,Open,Backup Process Failed,"The detected unauthorized access attempts may indicate a breach, which could expose sensitive company data and result in severe legal and financial repercussions.",User4,Development,2024-05-26
Low,"Users are experiencing a significant increase in network latency, particularly during peak business hours, resulting in slow application performance.",Development Team,Closed,Backup Process Failed,"The detected unauthorized access attempts may indicate a breach, which could expose sensitive company data and result in severe legal and financial repercussions.",User2,Staging,2024-05-28
Critical,A sudden server crash due to hardware failure has taken down all key production systems.,Development Team,Pending,Unauthorized Access Detected,"The failed backup process has left the system vulnerable to data loss, especially if a system failure or security incident occurs in the near future.",User1,Production,2024-05-30
Medium,A sudden server crash due to hardware failure has taken down all key production systems.,Database Admins,Closed,High Latency in Network,"High network latency is compromising the efficiency of critical business applications, leading to delays in project deliveries and reduced productivity.",User3,Staging,2024-06-01
Critical,"The backup process failed to execute properly last night, leaving the system without a reliable recent backup, which is a major risk.",Development Team,Resolved,Server Crash,"Memory leak may cause server crash, leading to downtime and service interruption.",User3,Production,2024-06-03
High,"Production database is showing signs of data corruption, potentially impacting critical business operations.",IT Support,In Progress,Application Deployment Failure,"The server crash has caused a total outage of essential services, impacting thousands of users and leading to significant operational and financial losses.",User1,Development,2024-06-06
Critical,"Several unauthorized access attempts have been flagged on the server, indicating a potential security threat that needs immediate investigation.",Network Team,In Progress,Login Service Down,"The server outage has halted essential services, affecting a large user base and causing operational chaos.",User5,Development,2024-06-08
High,"Users are experiencing a significant increase in network latency, particularly during peak business hours, resulting in slow application performance.",Development Team,Closed,API Response Delay,"High network latency is compromising the efficiency of critical business applications, leading to delays in project deliveries and reduced productivity.",User3,Staging,2024-06-10
Critical,"Slow API response times are leading to timeouts, affecting the performance and reliability of services.",Database Admins,In Progress,Backup Process Failed,"Slow APIs are causing delays, which could harm service reliability and lead to contractual disputes.",User1,Production,2024-06-12
Medium,"The main login service has gone down, preventing all users from accessing their accounts and halting critical business operations.",Development Team,Resolved,Login Service Down,"Failed backup has left the system exposed, without a recent recovery point, heightening risk of data loss.",User4,Staging,2024-06-14
Low,"Due to misconfigurations in the deployment script, the latest release to production has failed, preventing new features from being deployed.",Security Team,Closed,Application Deployment Failure,"The increased API response times are causing delays in service delivery, negatively impacting the user experience and possibly leading to contract breaches.",User3,Production,2024-06-16
High,"Production database is showing signs of data corruption, potentially impacting critical business operations.",IT Support,Closed,Server Crash,"The server outage has halted essential services, affecting a large user base and causing operational chaos.",User2,Staging,2024-06-18
Critical,"Slow API response times are leading to timeouts, affecting the performance and reliability of services.",Security Team,Closed,API Response Delay,"The data corruption in the production database is affecting the accuracy of critical business data, which could lead to incorrect business decisions and financial discrepancies.",User3,Production,2024-06-21
Critical,"The backup process failed to execute properly last night, leaving the system without a reliable recent backup, which is a major risk.",Network Team,Resolved,Login Service Down,"The deployment failure is delaying the release of important new features, which could impact customer satisfaction and competitive advantage.",User5,Staging,2024-06-23
Critical,"The main login service has gone down, preventing all users from accessing their accounts and halting critical business operations.",IT Support,Pending,Backup Process Failed,"Login issues are preventing users from accessing services, potentially damaging customer trust and leading to lost revenue.",User5,Development,2024-06-25
High,"Unexpected hardware failure has led to a complete crash of the main production server, disrupting all hosted services.",Security Team,Closed,Backup Process Failed,"The ongoing memory leak is threatening to crash the server, which would cause prolonged downtime and disrupt all services relying on this server.",User3,Development,2024-06-27
Critical,"Users are experiencing a significant increase in network latency, particularly during peak business hours, resulting in slow application performance.",Development Team,Closed,Backup Process Failed,"Failed backup has left the system exposed, without a recent recovery point, heightening risk of data loss.",User5,Production,2024-06-29
High,"Multiple attempts at unauthorized access detected on our server, raising serious security concerns.",Development Team,Open,Database Connection Failure,"The login service downtime is preventing customers from accessing their accounts, leading to frustration and potential loss of business.",User2,Staging,2024-07-01
High,"The main login service has gone down, preventing all users from accessing their accounts and halting critical business operations.",Development Team,In Progress,Server Crash,"The detected unauthorized access attempts may indicate a breach, which could expose sensitive company data and result in severe legal and financial repercussions.",User1,Production,2024-07-04
Critical,"Due to misconfigurations in the deployment script, the latest release to production has failed, preventing new features from being deployed.",Network Team,In Progress,Server Crash,"The server crash has caused a total outage of essential services, impacting thousands of users and leading to significant operational and financial losses.",User2,Staging,2024-07-06
High,"Users are unable to log in due to the service being down, halting business-critical activities.",Database Admins,Pending,Server Crash,"High network latency is compromising the efficiency of critical business applications, leading to delays in project deliveries and reduced productivity.",User1,Development,2024-07-08
High,"There is evidence of data corruption in the production database, which is affecting the accuracy and reliability of critical business data.",Security Team,In Progress,Login Service Down,"The ongoing memory leak is threatening to crash the server, which would cause prolonged downtime and disrupt all services relying on this server.",User5,Development,2024-07-10
Critical,"Users are unable to log in due to the service being down, halting business-critical activities.",Development Team,In Progress,Data Corruption Issue,"Blocked feature release due to deployment issues, impacting product delivery schedules and customer expectations.",User5,Development,2024-07-12
Low,"The production database server is unreachable due to a network timeout issue, causing disruptions in data retrieval for all dependent applications.",Security Team,Open,Backup Process Failed,Data corruption in the database could compromise the integrity of business decisions and cause financial errors.,User2,Staging,2024-07-14
High,"Failed deployment to production due to script errors, blocking new features from being released.",Network Team,Pending,Server Crash,Data corruption in the database could compromise the integrity of business decisions and cause financial errors.,User3,Production,2024-07-16
Medium,"Multiple attempts at unauthorized access detected on our server, raising serious security concerns.",Database Admins,Pending,Application Deployment Failure,"Network issues are slowing down key applications, which could delay project timelines and reduce output.",User1,Production,2024-07-19
High,"Failed deployment to production due to script errors, blocking new features from being released.",Security Team,In Progress,Database Connection Failure,"The detected unauthorized access attempts may indicate a breach, which could expose sensitive company data and result in severe legal and financial repercussions.",User1,Development,2024-07-21
Medium,"Slow API response times are leading to timeouts, affecting the performance and reliability of services.",Security Team,Pending,Login Service Down,"Slow APIs are causing delays, which could harm service reliability and lead to contractual disputes.",User1,Development,2024-07-23
Low,"Several unauthorized access attempts have been flagged on the server, indicating a potential security threat that needs immediate investigation.",Security Team,Closed,Login Service Down,"The detected unauthorized access attempts may indicate a breach, which could expose sensitive company data and result in severe legal and financial repercussions.",User3,Staging,2024-07-25
Medium,A sudden server crash due to hardware failure has taken down all key production systems.,Security Team,Resolved,Login Service Down,"Slow APIs are causing delays, which could harm service reliability and lead to contractual disputes.",User5,Staging,2024-07-27
Low,"Production database is showing signs of data corruption, potentially impacting critical business operations.",Network Team,Pending,Server Crash,"The detected unauthorized access attempts may indicate a breach, which could expose sensitive company data and result in severe legal and financial repercussions.",User1,Staging,2024-07-29
Critical,"The production database server is unreachable due to a network timeout issue, causing disruptions in data retrieval for all dependent applications.",Security Team,Open,Unauthorized Access Detected,"The data corruption in the production database is affecting the accuracy of critical business data, which could lead to incorrect business decisions and financial discrepancies.",User5,Development,2024-08-01
